<?xml version="1.0" encoding="UTF-8"?>
    <addon id="repository.crshd" name="crshd's repo" version="1.0.0" provider-name="crshd">
        <requires>
            <import addon="xbmc.addon" version="12.0.0"/>
        </requires>
        <extension point="xbmc.addon.repository" name="crshd's repo">
            <info compressed="false">https://raw.githubusercontent.com/crshd/kodi-repo/_repo/addons.xml</info>
            <checksum>https://raw.githubusercontent.com/crshd/kodi-repo/_repo/addons.xml.md5</checksum>
            <datadir zip="true">https://raw.githubusercontent.com/crshd/kodi-repo/_repo/</datadir>
            <hashes>false</hashes>
        </extension>
        <extension point="xbmc.addon.metadata">
            <summary>Collection of custom addons</summary>
            <description>Running OSMC on a RPi 3. YMMV.</description>
            <platform>all</platform>
    </extension>
</addon>